Nombre;Ranking;Puntuacion;Comapanero;Posicion;LugarNacimiento;FechaNacimiento;Altura;Residencia;PartidosJugados;PartidosGanados;PartidosPerdidos;Rendimiento;Racha;2020_PartidosJugados;2020_PartidosGanados;2020_PartidosPerdidos;2020_Rendimiento;2020_Torneos ganados;2020_Finales;2019_PartidosJugados;2019_PartidosGanados;2019_PartidosPerdidos;2019_Rendimiento;2019_Torneos ganados;2019_Finales;2018_PartidosJugados;2018_PartidosGanados;2018_PartidosPerdidos;2018_Rendimiento;2018_Torneos ganados;2018_Finales;2017_PartidosJugados;2017_PartidosGanados;2017_PartidosPerdidos;2017_Rendimiento;2017_Torneos ganados;2017_Finales;2016_PartidosJugados;2016_PartidosGanados;2016_PartidosPerdidos;2016_Rendimiento;2016_Torneos ganados;2016_Finales;2015_PartidosJugados;2015_PartidosGanados;2015_PartidosPerdidos;2015_Rendimiento;2015_Torneos ganados;2015_Finales;2014_PartidosJugados;2014_PartidosGanados;2014_PartidosPerdidos;2014_Rendimiento;2014_Torneos ganados;2014_Finales;2013_PartidosJugados;2013_PartidosGanados;2013_PartidosPerdidos;2013_Rendimiento;2013_Torneos ganados;2013_Finales;Circuito
Francisco Navarro Compán;1;12010;Pablo Lima;Revés;Sevilla;10/02/1989;1,81;Madrid;407;307;100;0.7542997542997543;15;23;17;6;0.7391304347826086;1;1;60;48;12;0.8;5;5;48;34;14;0.7083333333333334;1;4;59;48;11;0.8135593220338984;5;6;57;44;13;0.7719298245614035;2;8;60;46;14;0.7666666666666667;1;5;50;38;12;0.76;2;1;50;32;18;0.64;0;0;Masculino
Juan Lebrón Chincoa;2;11330;Alejandro Galán Romo;Revés;Puerto de Sta. María;30/01/1995;1,84;Madrid;302;191;111;0.6324503311258278;18;32;29;3;0.90625;5;1;60;48;12;0.8;5;5;49;33;16;0.673469387755102;0;2;52;31;21;0.5961538461538461;0;0;27;12;15;0.4444444444444444;0;0;34;15;19;0.4411764705882353;0;1;33;18;15;0.5454545454545454;0;0;15;5;10;0.3333333333333333;0;0;Masculino
Alejandro Galán Romo;3;11100;Juan Lebrón Chincoa;Revés;Madrid;15/05/1996;1,86;Madrid;287;198;89;0.6898954703832753;18;32;29;3;0.90625;5;1;52;40;12;0.7692307692307693;5;1;45;31;14;0.6888888888888889;2;0;51;31;20;0.6078431372549019;0;1;53;35;18;0.660377358490566;0;0;46;28;18;0.6086956521739131;0;0;8;4;4;0.5;0;0;?;?;?;?;?;?;Masculino
Pablo Lima;4;10860;Francisco Navarro Compán;Drive;Porto Alegre - Bra;11/10/1986;1,8;Bilbao;423;362;61;0.8557919621749409;53;23;17;6;0.7391304347826086;1;1;51;40;11;0.7843137254901961;4;2;40;32;8;0.8;5;1;61;53;8;0.8688524590163934;8;6;59;57;2;0.9661016949152542;12;1;55;53;2;0.9636363636363636;11;0;52;42;10;0.8076923076923077;2;5;82;68;14;0.8292682926829268;4;10;Masculino
Carlos Daniel Gutiérrez;5;9020;Franco Stupaczuk;Drive;San Luis - Argentina;15/06/1984;1,77;Madrid;428;334;94;0.780373831775701;13;25;18;7;0.72;1;1;51;39;12;0.7647058823529411;5;2;59;51;8;0.864406779661017;8;4;59;48;11;0.8135593220338984;5;6;57;44;13;0.7719298245614035;2;8;54;40;14;0.7407407407407407;1;4;54;41;13;0.7592592592592593;1;4;69;53;16;0.7681159420289855;2;1;Masculino
Maximiliano Sánchez;5;9020;Martín Di Nenno;Revés;Villa Mercedes - Arg;15/12/1986;1,83;Madrid;406;305;101;0.7512315270935961;13;19;11;8;0.5789473684210527;0;0;51;39;12;0.7647058823529411;5;2;59;51;8;0.864406779661017;8;4;54;39;15;0.7222222222222222;1;4;46;32;14;0.6956521739130435;1;4;54;39;15;0.7222222222222222;0;5;54;41;13;0.7592592592592593;1;4;69;53;16;0.7681159420289855;2;1;Masculino
Fernando Belasteguín;7;7615;Agustín Tapia;Revés;Pehuajo;19/05/1979;1,8;Barcelona;414;369;45;0.8913043478260869;63;29;22;7;0.7586206896551724;1;2;46;33;13;0.717391304347826;1;3;25;21;4;0.84;4;0;61;53;8;0.8688524590163934;8;6;59;57;2;0.9661016949152542;12;1;65;63;2;0.9692307692307692;13;0;64;60;4;0.9375;9;3;65;60;5;0.9230769230769231;10;1;Masculino
Franco Stupaczuk;8;5850;Carlos Daniel Gutiérrez;Revés;Chaco - Arg;25/03/1996;1,8;Madrid;282;195;87;0.6914893617021277;10;25;18;7;0.72;1;1;50;34;16;0.68;1;1;42;27;15;0.6428571428571429;1;2;52;38;14;0.7307692307692307;3;0;35;21;14;0.6;1;0;50;37;13;0.74;1;0;16;12;4;0.75;0;0;12;8;4;0.6666666666666666;0;0;Masculino
Agustín Tapia;9;5770;Fernando Belasteguín;Revés;Catamarca - Arg;24/07/1999;1,79;Barcelona - España;93;60;33;0.6451612903225806;8;?;?;?;?;?;?;40;26;14;0.65;1;1;25;14;11;0.56;0;0;23;17;6;0.7391304347826086;0;0;5;3;2;0.6;0;0;?;?;?;?;?;?;?;?;?;?;?;?;?;?;?;?;?;?;Masculino
Matías Díaz Sangiorgio;10;5645;Agustín Gómez Silingo;Drive;Buenos Aires;27/09/1978;1,68;Madrid;393;284;109;0.72264631043257;13;21;13;8;0.6190476190476191;0;0;47;32;15;0.6808510638297872;1;1;45;31;14;0.6888888888888889;2;0;54;39;15;0.7222222222222222;1;4;46;32;14;0.6956521739130435;1;4;60;46;14;0.7666666666666667;1;5;53;39;14;0.7358490566037735;0;1;67;52;15;0.7761194029850746;2;4;Masculino
Javier Ruiz González;11;4935;Uri Botello Cohen;Revés;Granada;17/06/1987;1,83;Granada;257;144;113;0.5603112840466926;7;18;10;8;0.5555555555555556;0;1;51;34;17;0.6666666666666666;0;2;53;36;17;0.6792452830188679;2;1;35;15;20;0.42857142857142855;0;0;40;22;18;0.55;1;1;23;4;19;0.17391304347826086;0;0;36;23;13;0.6388888888888888;0;0;1;0;1;0.0;0;0;Masculino
Uri Botello Cohen;11;4935;Javier Ruiz González;Drive;Melilla;16/08/1988;1,72;Madrid;273;143;130;0.5238095238095238;5;18;10;8;0.5555555555555556;0;1;51;34;17;0.6666666666666666;0;2;53;36;17;0.6792452830188679;2;1;36;16;20;0.4444444444444444;0;0;33;15;18;0.45454545454545453;0;0;35;17;18;0.4857142857142857;0;2;24;10;14;0.4166666666666667;0;0;23;5;18;0.21739130434782608;0;0;Masculino
Juan Mieres Petruf;13;4515;Álvaro Cepero Rodríguez;Drive;Bahía Blanca;30/10/1980;1,8;Madrid;355;252;103;0.7098591549295775;9;8;1;7;0.125;0;0;32;17;15;0.53125;1;1;51;35;16;0.6862745098039216;0;2;31;19;12;0.6129032258064516;0;0;44;29;15;0.6590909090909091;0;0;55;41;14;0.7454545454545455;1;3;52;42;10;0.8076923076923077;2;5;82;68;14;0.8292682926829268;4;10;Masculino
Federico Chingotto;14;4240;Juan Tello;Drive;Buenos Aires - Arg;13/04/1997;1,7;Málaga;192;127;65;0.6614583333333334;10;27;19;8;0.7037037037037037;0;2;47;29;18;0.6170212765957447;0;1;43;28;15;0.6511627906976745;2;0;46;29;17;0.6304347826086957;0;0;29;22;7;0.7586206896551724;0;0;?;?;?;?;?;?;?;?;?;?;?;?;0;0;0;0;0;0;Masculino
Juan Tello;14;4240;Federico Chingotto;Revés;Córdoba - Arg;01/02/1995;1,85;Málaga;163;108;55;0.6625766871165644;10;?;?;?;?;?;?;47;29;18;0.6170212765957447;0;1;36;25;11;0.6944444444444444;2;0;46;29;17;0.6304347826086957;0;0;29;22;7;0.7586206896551724;0;0;?;?;?;?;?;?;?;?;?;?;?;?;5;3;2;0.6;0;0;Masculino
Adrián Allemandi;16;3218;Jerónimo González Luque;Drive;Neuquén;28/12/1980;1,78;Madrid;307;189;118;0.6156351791530945;4;17;9;8;0.5294117647058824;0;0;37;21;16;0.5675675675675675;0;1;35;16;19;0.45714285714285713;0;2;36;21;15;0.5833333333333334;0;0;47;32;15;0.6808510638297872;0;0;48;33;15;0.6875;0;1;44;31;13;0.7045454545454546;0;1;43;26;17;0.6046511627906976;0;0;Masculino
Agustín Gómez Silingo;17;3165;Matías Díaz Sangiorgio;Revés;La Plata;01/08/1983;1,86;Madrid;261;150;111;0.5747126436781609;4;21;13;8;0.6190476190476191;0;0;38;21;17;0.5526315789473685;0;1;38;19;19;0.5;0;2;10;5;5;0.5;0;0;47;32;15;0.6808510638297872;0;0;43;28;15;0.6511627906976745;0;0;23;9;14;0.391304347826087;0;0;41;23;18;0.5609756097560976;0;0;Masculino
Alejandro Ruiz Granados;18;3085;Pablo Lijó Santos;Drive;Málaga;12/06/1994;1,87;Madrid;258;128;130;0.49612403100775193;4;11;5;6;0.45454545454545453;0;0;44;25;19;0.5681818181818182;0;2;38;19;19;0.5;0;2;45;23;22;0.5111111111111111;0;2;40;23;17;0.575;1;1;31;16;15;0.5161290322580645;1;0;23;9;14;0.391304347826087;0;0;26;8;18;0.3076923076923077;0;0;Masculino
Martín Sánchez Piñeiro;18;3085;Ignacio González Gadea;Revés;A Coruña;26/10/1992;1,84;Barcelona;259;133;126;0.5135135135135135;5;9;3;6;0.3333333333333333;0;0;44;25;19;0.5681818181818182;0;2;33;12;21;0.36363636363636365;0;0;43;22;21;0.5116279069767442;0;1;30;11;19;0.36666666666666664;0;0;59;40;19;0.6779661016949152;0;0;34;18;16;0.5294117647058824;0;0;7;2;5;0.2857142857142857;0;0;Masculino
Luciano Capra;20;2475;Ramiro Moyano;Drive;Quilmes;16/09/1993;1,84;Madrid;262;136;126;0.5190839694656488;6;8;2;6;0.25;0;0;43;25;18;0.5813953488372093;1;0;43;25;18;0.5813953488372093;0;2;47;29;18;0.6170212765957447;2;0;37;19;18;0.5135135135135135;1;0;25;9;16;0.36;0;1;25;11;14;0.44;0;0;34;16;18;0.47058823529411764;0;0;Masculino
Juan Cruz Belluati López;21;2305;Agustín Gutiérrez;Drive;Buenos Aires - Arg;20/10/1993;1,76;Madrid;265;153;112;0.5773584905660377;6;10;2;8;0.2;0;0;34;18;16;0.5294117647058824;0;1;43;27;16;0.627906976744186;0;2;51;31;20;0.6078431372549019;0;1;47;29;18;0.6170212765957447;0;0;38;19;19;0.5;0;0;37;24;13;0.6486486486486487;0;0;5;3;2;0.6;0;0;Masculino
Javier Rico Dasi;22;2255;Jorge Nieto Ruiz;Drive;Valencia;15/05/1998;1,67;Valencia;220;133;87;0.6045454545454545;6;15;7;8;0.4666666666666667;0;0;39;21;18;0.5384615384615384;1;1;62;41;21;0.6612903225806451;0;0;63;44;19;0.6984126984126984;0;0;32;19;13;0.59375;0;0;5;0;5;0.0;0;0;4;1;3;0.25;0;0;0;0;0;0;0;0;Masculino
Jorge Nieto Ruiz;23;2205;Javier Rico Dasi;Revés;Madrid;18/12/1998;1,75;Madrid;196;115;81;0.5867346938775511;6;15;7;8;0.4666666666666667;0;0;35;18;17;0.5142857142857142;1;1;59;40;19;0.6779661016949152;0;0;51;37;14;0.7254901960784313;0;0;19;7;12;0.3684210526315789;0;0;14;6;8;0.42857142857142855;0;0;3;0;3;0.0;0;0;?;?;?;?;?;?;Masculino
Ramiro Moyano;24;2150;Luciano Capra;Revés;La Plata;25/10/1989;1,85;Madrid;263;141;122;0.5361216730038023;5;8;2;6;0.25;0;0;32;16;16;0.5;0;1;46;27;19;0.5869565217391305;0;2;41;23;18;0.5609756097560976;0;2;38;23;15;0.6052631578947368;0;0;46;30;16;0.6521739130434783;2;0;23;9;14;0.391304347826087;0;0;29;11;18;0.3793103448275862;0;0;Masculino
Javier Garrido Gómez;25;2054;Javier Martínez Vázquez;Revés;Córdoba;26/10/2000;1,84;Madrid;168;92;76;0.5476190476190477;7;8;1;7;0.125;0;0;46;27;19;0.5869565217391305;0;0;39;19;20;0.48717948717948717;0;1;59;40;19;0.6779661016949152;0;0;11;4;7;0.36363636363636365;0;0;5;1;4;0.2;0;0;?;?;?;?;?;?;?;?;?;?;?;?;Masculino
Martín Di Nenno;26;2045;Maximiliano Sánchez;Drive;Ezieza - Bs As;18/03/1997;1,75;Buenos Aires;200;131;69;0.655;7;19;11;8;0.5789473684210527;0;0;45;27;18;0.6;0;0;12;5;7;0.4166666666666667;0;0;48;32;16;0.6666666666666666;0;0;0;0;0;0;0;0;48;36;12;0.75;1;0;16;12;4;0.75;0;0;12;8;4;0.6666666666666666;0;0;Masculino
Miguel Lamperti;27;2030;Lucas Bergamini;Revés;Bahía Blanca;11/11/1978;1,8;Madrid;332;217;115;0.6536144578313253;4;14;7;7;0.5;0;0;29;14;15;0.4827586206896552;0;0;51;35;16;0.6862745098039216;0;2;41;25;16;0.6097560975609756;0;0;44;29;15;0.6590909090909091;0;0;48;33;15;0.6875;0;1;43;30;13;0.6976744186046512;0;0;62;44;18;0.7096774193548387;0;2;Masculino
Lucas De Oliveira Campagnolo;28;1940;Juan Martín Díaz Martínez;Revés;Alegrete - Bra;13/06/1995;1,79;Porto Alegre - Bra;197;121;76;0.6142131979695431;6;14;8;6;0.5714285714285714;0;0;37;19;18;0.5135135135135135;1;0;42;22;20;0.5238095238095238;0;0;57;39;18;0.6842105263157895;0;0;3;2;1;0.6666666666666666;0;0;20;13;7;0.65;0;0;24;18;6;0.75;0;0;?;?;?;?;?;?;Masculino
Pablo Lijó Santos;29;1907;Alejandro Ruiz Granados;Revés;Sta. Uxía de Ribeira;06/07/1991;1,85;Madrid;234;123;111;0.5256410256410257;6;12;4;8;0.3333333333333333;0;0;37;19;18;0.5135135135135135;1;0;45;26;19;0.5777777777777777;2;1;37;20;17;0.5405405405405406;1;1;34;17;17;0.5;0;0;33;14;19;0.42424242424242425;0;0;36;23;13;0.6388888888888888;0;0;0;0;0;0;0;0;Masculino
Lucas Bergamini;30;1899;Miguel Lamperti;Drive;Bento Gonçalves - Brasil;18/08/1997;1,65;Madrid;154;94;60;0.6103896103896104;6;?;?;?;?;?;?;36;17;19;0.4722222222222222;0;0;42;22;20;0.5238095238095238;0;0;66;49;17;0.7424242424242424;0;0;0;0;0;0;0;0;10;6;4;0.6;0;0;?;?;?;?;?;?;?;?;?;?;?;?;Masculino
Cristian Gutiérrez Albizu;31;1820;Maximiliano Grabiel Martínez;Revés;Mar del Plata;06/05/1978;1,75;Madrid;329;219;110;0.6656534954407295;13;11;3;8;0.2727272727272727;0;0;31;15;16;0.4838709677419355;0;0;42;27;15;0.6428571428571429;1;2;48;34;14;0.7083333333333334;2;0;37;24;13;0.6486486486486487;0;2;40;25;15;0.625;0;0;53;39;14;0.7358490566037735;0;1;67;52;15;0.7761194029850746;2;4;Masculino
Ernesto Moreno Carrasco;32;1744;José Rico Dasi;Revés;Málaga;19/11/1994;1,82;Torremolinos;250;116;134;0.464;6;11;3;8;0.2727272727272727;0;0;32;13;19;0.40625;0;0;43;23;20;0.5348837209302325;0;0;38;18;20;0.47368421052631576;0;0;27;9;18;0.3333333333333333;0;0;35;17;18;0.4857142857142857;0;0;30;17;13;0.5666666666666667;0;0;34;16;18;0.47058823529411764;0;0;Masculino
Gonzalo Rubio Pérez;32;1744;Christian Fuster Simarro;Drive;Sevilla;22/02/1991;1,83;Sevilla;257;121;136;0.4708171206225681;7;10;2;8;0.2;0;0;32;13;19;0.40625;0;0;52;31;21;0.5961538461538461;0;0;38;18;20;0.47368421052631576;0;0;35;17;18;0.4857142857142857;1;0;44;25;19;0.5681818181818182;0;0;17;4;13;0.23529411764705882;0;0;29;11;18;0.3793103448275862;0;0;Masculino
Álvaro Cepero Rodríguez;34;1532;Juan Mieres Petruf;Drive;San Fernando;26/04/1991;1,67;Madrid;243;109;134;0.448559670781893;6;11;3;8;0.2727272727272727;0;0;32;15;17;0.46875;1;0;38;18;20;0.47368421052631576;0;0;45;25;20;0.5555555555555556;1;0;33;15;18;0.45454545454545453;0;0;33;14;19;0.42424242424242425;0;0;18;4;14;0.2222222222222222;0;0;33;15;18;0.45454545454545453;0;0;Masculino
Ignacio González Gadea;35;1502;Martín Sánchez Piñeiro;Drive;Madrid;31/12/1986;1,79;Madrid;226;93;133;0.41150442477876104;5;9;1;8;0.1111111111111111;0;0;28;10;18;0.35714285714285715;0;0;34;15;19;0.4411764705882353;0;0;48;28;20;0.5833333333333334;1;0;39;19;20;0.48717948717948717;0;0;32;14;18;0.4375;0;0;16;3;13;0.1875;0;0;20;3;17;0.15;0;0;Masculino
Jerónimo González Luque;36;1413;Adrián Allemandi;Revés;Antequera;21/02/1997;1,8;Antequera;249;150;99;0.6024096385542169;5;17;9;8;0.5294117647058824;0;0;44;25;19;0.5681818181818182;0;0;55;35;20;0.6363636363636364;0;0;64;44;20;0.6875;0;0;44;27;17;0.6136363636363636;0;0;17;6;11;0.35294117647058826;0;0;8;4;4;0.5;0;0;0;0;0;0;0;0;Masculino
Aday Santana Ferrero;37;1364;Miguel Semmler Arranz;Revés;Las Palmas;04/05/1978;1,79;Madrid;244;126;118;0.5163934426229508;3;8;1;7;0.125;0;0;31;12;19;0.3870967741935484;0;0;31;12;19;0.3870967741935484;0;0;31;16;15;0.5161290322580645;0;0;37;22;15;0.5945945945945946;0;0;39;24;15;0.6153846153846154;0;0;35;23;12;0.6571428571428571;0;0;32;16;16;0.5;0;0;Masculino
José Rico Dasi;38;1362;Ernesto Moreno Carrasco;Drive;Valencia;21/09/1995;1,76;Valencia;216;105;111;0.4861111111111111;6;11;3;8;0.2727272727272727;0;0;26;8;18;0.3076923076923077;0;0;40;20;20;0.5;0;0;47;26;21;0.5531914893617021;0;0;41;24;17;0.5853658536585366;0;0;26;11;15;0.4230769230769231;0;0;25;13;12;0.52;0;0;0;0;0;0;0;0;Masculino
Víctor Ruiz Remedios;38;1362;Diego Ramos;Revés;Cartagena;09/07/1989;1,79;Cartagena;258;139;119;0.5387596899224806;5;12;4;8;0.3333333333333333;0;0;26;8;18;0.3076923076923077;0;0;46;28;18;0.6086956521739131;1;1;32;12;20;0.375;0;0;45;26;19;0.5777777777777777;0;0;63;44;19;0.6984126984126984;0;0;27;15;12;0.5555555555555556;0;0;7;2;5;0.2857142857142857;0;0;Masculino
Adrián Blanco Antelo;40;1340;Pedro Alonso-Martínez;Revés;Orense;29/07/1987;1,83;Valladolid;228;103;125;0.4517543859649123;7;10;2;8;0.2;0;0;37;18;19;0.4864864864864865;0;0;64;42;22;0.65625;0;0;16;5;11;0.3125;0;0;26;8;18;0.3076923076923077;0;0;23;7;16;0.30434782608695654;0;0;21;8;13;0.38095238095238093;0;0;31;13;18;0.41935483870967744;0;0;Masculino
Javier Martínez Vázquez;41;1328;Javier Garrido Gómez;Drive;Valladolid;18/11/1996;1,74;Valladolid;239;139;100;0.5815899581589958;7;10;2;8;0.2;0;0;36;18;18;0.5;0;0;76;55;21;0.7236842105263158;0;0;49;31;18;0.6326530612244898;0;0;35;18;17;0.5142857142857142;0;0;31;15;16;0.4838709677419355;0;0;2;0;2;0.0;0;0;?;?;?;?;?;?;Masculino
Javier González Barahona;42;1303;Jesús Moya Sos;Drive;Madrid;17/09/1998;1,79;Madrid;210;122;88;0.580952380952381;7;18;10;8;0.5555555555555556;0;0;37;18;19;0.4864864864864865;0;0;58;37;21;0.6379310344827587;0;0;59;42;17;0.711864406779661;0;0;22;8;14;0.36363636363636365;0;0;15;7;8;0.4666666666666667;0;0;1;0;1;0.0;0;0;?;?;?;?;?;?;Masculino
Diego Ramos;43;1291;Víctor Ruiz Remedios;Drive;Chuy - Uruguay;10/04/1985;1,78;Valladolid;243;105;138;0.43209876543209874;4;10;3;7;0.3;0;0;31;12;19;0.3870967741935484;0;0;55;35;20;0.6363636363636364;0;1;36;15;21;0.4166666666666667;0;0;27;8;19;0.2962962962962963;0;0;28;9;19;0.32142857142857145;0;0;24;10;14;0.4166666666666667;0;0;32;13;19;0.40625;0;0;Masculino
Maximiliano Grabiel Martínez;44;1290;Cristian Gutiérrez Albizu;Drive;La Plata;12/08/1976;1,68;Madrid;289;169;120;0.5847750865051903;12;11;3;8;0.2727272727272727;0;0;19;2;17;0.10526315789473684;0;0;34;17;17;0.5;2;0;40;22;18;0.55;0;2;38;23;15;0.6052631578947368;0;0;36;21;15;0.5833333333333334;0;0;49;37;12;0.7551020408163265;2;0;62;44;18;0.7096774193548387;0;2;Masculino
José Antonio García Diestro;45;1214;Antonio Fernández Cano;Drive;Badajoz;01/09/1989;1,83;Badajoz;266;127;139;0.4774436090225564;6;12;4;8;0.3333333333333333;0;0;28;9;19;0.32142857142857145;0;0;38;17;21;0.4473684210526316;1;0;43;22;21;0.5116279069767442;0;1;35;16;19;0.45714285714285713;0;1;46;27;19;0.5869565217391305;0;0;26;12;14;0.46153846153846156;0;0;38;20;18;0.5263157894736842;0;0;Masculino
Federico Quiles;46;1190;Javier Valdés González;Revés;General pacheco;19/01/1983;1,83;Madrid;229;107;122;0.4672489082969432;5;8;1;7;0.125;0;0;24;8;16;0.3333333333333333;0;0;26;7;19;0.2692307692307692;0;0;40;22;18;0.55;1;0;33;18;15;0.5454545454545454;1;0;34;19;15;0.5588235294117647;0;0;23;9;14;0.391304347826087;0;0;41;23;18;0.5609756097560976;0;0;Masculino
Rafael Méndez Ruiz;47;1189;Sebastián Nerone;Revés;Jeréz de la Frontera;22/01/1992;1,97;Valladolid;291;170;121;0.584192439862543;5;10;3;7;0.3;0;0;31;12;19;0.3870967741935484;0;0;54;34;20;0.6296296296296297;0;1;65;44;21;0.676923076923077;0;0;38;20;18;0.5263157894736842;0;0;54;37;17;0.6851851851851852;0;0;31;17;14;0.5483870967741935;0;0;8;3;5;0.375;0;0;Masculino
Sebastián Nerone;48;1177;Rafael Méndez Ruiz;Revés;Buenos Aires - Arg;24/06/1976;1,79;Madrid;264;137;127;0.5189393939393939;3;9;1;8;0.1111111111111111;0;0;28;11;17;0.39285714285714285;0;0;35;15;20;0.42857142857142855;0;0;38;18;20;0.47368421052631576;0;1;26;11;15;0.4230769230769231;0;0;33;18;15;0.5454545454545454;0;0;39;25;14;0.6410256410256411;0;0;56;38;18;0.6785714285714286;0;0;Masculino
Denis Tomas Perino;49;1103;Jorge Ruiz Gutiérrez;Drive;Córdoba - Arg;08/01/1996;1,74;Madrid;144;87;57;0.6041666666666666;6;?;?;?;?;?;?;41;22;19;0.5365853658536586;0;0;54;36;18;0.6666666666666666;0;0;32;20;12;0.625;0;0;17;9;8;0.5294117647058824;0;0;?;?;?;?;?;?;?;?;?;?;?;?;?;?;?;?;?;?;Masculino
Matías Marina Artuso;50;1079;Gonzalo Díaz;Drive;Mar del Plata - Arg;27/05/1993;1,88;Madrid;206;99;107;0.48058252427184467;5;5;1;4;0.2;0;0;45;25;20;0.5555555555555556;0;0;7;2;5;0.2857142857142857;0;0;42;21;21;0.5;1;0;35;17;18;0.4857142857142857;1;1;20;12;8;0.6;1;0;24;10;14;0.4166666666666667;0;0;28;11;17;0.39285714285714285;0;0;Masculino
Marta Marrero Marrero;1;12490;Marta Ortega Gallego;Revés;Las Palmas de Gran Canaria;16/01/1983;1,73;Barcelona;278;218;60;0.7841726618705036;16;24;18;6;0.75;1;2;52;44;8;0.8461538461538461;7;3;51;42;9;0.8235294117647058;6;2;41;29;12;0.7073170731707317;0;7;41;37;4;0.9024390243902439;7;2;36;28;8;0.7777777777777778;2;5;20;14;6;0.7;1;1;13;6;7;0.46153846153846156;0;0;Femenino
Marta Ortega Gallego;2;11400;Marta Marrero Marrero;Drive;Madrid;14/02/1997;1,7;Madrid;260;182;78;0.7;9;26;19;7;0.7307692307692307;1;1;52;44;8;0.8461538461538461;7;3;46;31;15;0.6739130434782609;1;2;43;32;11;0.7441860465116279;2;1;37;25;12;0.6756756756756757;0;0;20;10;10;0.5;0;0;19;11;8;0.5789473684210527;0;1;17;10;7;0.5882352941176471;0;0;Femenino
Alejandra Salazar Bengoechea;3;11260;Ariana Sánchez Fallada;Drive;Madrid;31/12/1985;1,68;Madrid;264;214;50;0.8106060606060606;16;28;23;5;0.8214285714285714;3;1;50;40;10;0.8;5;5;51;42;9;0.8235294117647058;6;2;14;10;4;0.7142857142857143;0;2;41;37;4;0.9024390243902439;7;2;36;28;8;0.7777777777777778;2;5;27;22;5;0.8148148148148148;3;2;17;12;5;0.7058823529411765;1;0;Femenino
Ariana Sánchez Fallada;3;11260;Alejandra Salazar Bengoechea;Revés;Reus;19/07/1997;1,65;Barcelona;231;156;75;0.6753246753246753;8;28;23;5;0.8214285714285714;3;1;50;40;10;0.8;5;5;46;31;15;0.6739130434782609;1;2;43;32;11;0.7441860465116279;2;1;29;17;12;0.5862068965517241;0;0;12;3;9;0.25;0;0;12;4;8;0.3333333333333333;0;0;11;6;5;0.5454545454545454;0;0;Femenino
Paula Josemaría Martín;5;7065;Beatriz González Fernández;Drive;Moraleja (Caceres);31/10/1996;1,6;Valladolid;130;71;59;0.5461538461538461;7;24;18;6;0.75;1;2;45;31;14;0.6888888888888889;1;2;18;4;14;0.2222222222222222;0;0;18;7;11;0.3888888888888889;0;0;10;2;8;0.2;0;0;12;7;5;0.5833333333333334;0;0;3;2;1;0.6666666666666666;0;0;?;?;?;?;?;?;Femenino
María José Sánchez Alayeto;6;6255;María Pilar Sánchez Alayeto;Revés;Zaragoza;20/06/1984;1,73;Madrid;296;241;55;0.8141891891891891;30;28;21;7;0.75;1;1;43;29;14;0.6744186046511628;1;2;57;47;10;0.8245614035087719;5;8;41;39;2;0.9512195121951219;9;0;39;31;8;0.7948717948717948;3;4;37;34;3;0.918918918918919;7;1;28;23;5;0.8214285714285714;3;1;23;17;6;0.7391304347826086;1;2;Femenino
Gemma Triay Pons;7;5905;Lucía Sainz Pelegri;Revés;Mahón;28/06/1992;1,73;Barcelona;239;165;74;0.6903765690376569;11;30;24;6;0.8;2;2;38;25;13;0.6578947368421053;1;1;47;36;11;0.7659574468085106;4;2;37;27;10;0.7297297297297297;2;2;43;31;12;0.7209302325581395;0;3;20;10;10;0.5;0;0;12;6;6;0.5;0;0;12;6;6;0.5;0;0;Femenino
Lucía Sainz Pelegri;7;5905;Gemma Triay Pons;Drive;Barcelona;05/10/1984;1,73;Barcelona;251;174;77;0.6932270916334662;11;30;24;6;0.8;2;2;38;25;13;0.6578947368421053;1;1;47;36;11;0.7659574468085106;4;2;37;27;10;0.7297297297297297;2;2;43;31;12;0.7209302325581395;0;3;20;10;10;0.5;0;0;19;11;8;0.5789473684210527;0;1;17;10;7;0.5882352941176471;0;0;Femenino
Ana Catarina Nogueira;9;5675;Delfina Brea Senesi;Revés;Oporto;20/09/1978;1,71;Porto;180;101;79;0.5611111111111111;7;17;10;7;0.5882352941176471;0;0;45;31;14;0.6888888888888889;1;2;31;17;14;0.5483870967741935;1;0;23;11;12;0.4782608695652174;0;0;20;8;12;0.4;0;0;20;10;10;0.5;0;0;18;10;8;0.5555555555555556;0;0;6;4;2;0.6666666666666666;0;0;Femenino
Elisabet Amatriaín Armas;10;5335;Patricia Llaguno Zielinski;Drive;Logroño;10/03/1984;1,61;Madrid;273;192;81;0.7032967032967034;7;26;18;8;0.6923076923076923;0;1;49;34;15;0.6938775510204082;0;2;47;32;15;0.6808510638297872;1;1;35;23;12;0.6571428571428571;0;2;34;24;10;0.7058823529411765;1;2;32;23;9;0.71875;1;2;25;18;7;0.72;1;2;25;20;5;0.8;2;3;Femenino
Patricia Llaguno Zielinski;10;5335;Elisabet Amatriaín Armas;Revés;Cartagena;25/02/1985;1,67;Madrid;273;192;81;0.7032967032967034;7;26;18;8;0.6923076923076923;0;1;49;34;15;0.6938775510204082;0;2;47;32;15;0.6808510638297872;1;1;35;23;12;0.6571428571428571;0;2;34;24;10;0.7058823529411765;1;2;32;23;9;0.71875;1;2;25;18;7;0.72;1;2;25;20;5;0.8;2;3;Femenino
Delfina Brea Senesi;12;5010;Ana Catarina Nogueira;Drive;Buenos Aires;05/12/1999;1,7;Madrid;135;81;54;0.6;6;17;10;7;0.5882352941176471;0;0;50;35;15;0.7;2;1;34;19;15;0.5588235294117647;1;0;14;3;11;0.21428571428571427;0;0;17;12;5;0.7058823529411765;0;0;3;2;1;0.6666666666666666;0;0;?;?;?;?;?;?;?;?;?;?;?;?;Femenino
Beatriz González Fernández;13;3660;Paula Josemaría Martín;Revés;Málaga;23/11/2001;1,74;Málaga;156;94;62;0.6025641025641025;7;26;19;7;0.7307692307692307;1;1;48;33;15;0.6875;2;0;47;30;17;0.6382978723404256;0;1;16;5;11;0.3125;0;0;19;7;12;0.3684210526315789;0;0;?;?;?;?;?;?;?;?;?;?;?;?;?;?;?;?;?;?;Femenino
María Pilar Sánchez Alayeto;14;3425;María José Sánchez Alayeto;Drive;Zaragoza;20/06/1984;1,73;Madrid;271;225;46;0.8302583025830258;30;28;21;7;0.75;1;1;18;13;5;0.7222222222222222;1;1;57;47;10;0.8245614035087719;5;8;41;39;2;0.9512195121951219;9;0;39;31;8;0.7948717948717948;3;4;37;34;3;0.918918918918919;7;1;28;23;5;0.8214285714285714;3;1;23;17;6;0.7391304347826086;1;2;Femenino
Carolina Navarro Björk;15;2870;Aranzazu Osoro Ulrich;Revés;Málaga;26/02/1976;1,65;Madrid;255;167;88;0.6549019607843137;7;19;11;8;0.5789473684210527;0;0;47;30;17;0.6382978723404256;0;2;56;38;18;0.6785714285714286;0;2;34;21;13;0.6176470588235294;0;1;30;19;11;0.6333333333333333;0;1;24;15;9;0.625;0;1;22;14;8;0.6363636363636364;0;1;23;19;4;0.8260869565217391;3;1;Femenino
Cecilia Reiter;15;2870;Carolina Navarro Björk;Drive;Olivos - B.A. - Arg;30/03/1982;1,73;Madrid;251;164;87;0.6533864541832669;7;13;7;6;0.5384615384615384;0;0;47;30;17;0.6382978723404256;0;2;56;38;18;0.6785714285714286;0;2;34;21;13;0.6176470588235294;0;1;30;19;11;0.6333333333333333;0;1;26;16;10;0.6153846153846154;0;1;22;14;8;0.6363636363636364;0;1;23;19;4;0.8260869565217391;3;1;Femenino
Alba Galán Romo;17;1935;Victoria Iglesias Segador;Revés;Madrid;14/04/1992;1,84;Madrid;195;110;85;0.5641025641025641;3;13;6;7;0.46153846153846156;0;0;34;19;15;0.5588235294117647;0;0;27;14;13;0.5185185185185185;0;0;31;18;13;0.5806451612903226;0;0;36;24;12;0.6666666666666666;0;0;22;12;10;0.5454545454545454;0;0;18;10;8;0.5555555555555556;0;0;14;7;7;0.5;0;0;Femenino
Victoria Iglesias Segador;17;1935;Alba Galán Romo;Revés;Sevilla;16/05/1994;1,76;Sevilla;206;120;86;0.5825242718446602;6;13;6;7;0.46153846153846156;0;0;34;19;15;0.5588235294117647;0;0;40;23;17;0.575;0;0;37;24;13;0.6486486486486487;0;0;36;24;12;0.6666666666666666;1;0;26;16;10;0.6153846153846154;0;1;12;4;8;0.3333333333333333;0;0;8;4;4;0.5;0;0;Femenino
María Del Carmen Villalba Sánchez;19;1870;Verónica Virseda Sánchez;Drive;Málaga;20/05/1987;1,6;Madrid;193;105;88;0.5440414507772021;3;12;6;6;0.5;0;0;31;16;15;0.5161290322580645;0;0;36;19;17;0.5277777777777778;0;0;31;18;13;0.5806451612903226;0;0;29;17;12;0.5862068965517241;0;0;22;12;10;0.5454545454545454;0;0;18;10;8;0.5555555555555556;0;0;14;7;7;0.5;0;0;Femenino
Verónica Virseda Sánchez;19;1870;María Del Carmen Villalba Sánchez;Revés;Toledo;01/07/1992;1,7;Toledo;131;59;72;0.45038167938931295;3;12;6;6;0.5;0;0;31;16;15;0.5161290322580645;0;0;22;8;14;0.36363636363636365;0;0;20;9;11;0.45;0;0;13;5;8;0.38461538461538464;0;0;15;6;9;0.4;0;0;10;6;4;0.6;0;0;8;3;5;0.375;0;0;Femenino
Catalina Tenorio;21;1820;Julieta Evangelina Bidahorria;Drive;Parana - Arg;27/08/1975;1,62;Madrid;243;155;88;0.6378600823045267;7;12;5;7;0.4166666666666667;0;0;36;21;15;0.5833333333333334;0;0;47;30;17;0.6382978723404256;0;1;44;31;13;0.7045454545454546;0;5;36;24;12;0.6666666666666666;1;0;26;16;10;0.6153846153846154;0;1;22;15;7;0.6818181818181818;1;1;20;13;7;0.65;0;1;Femenino
Teresa Navarro López-Barajas;22;1598;Esther Carnicero Martín;Drive;Granada;22/10/1988;1,7;Las Palmas;177;90;87;0.5084745762711864;3;13;5;8;0.38461538461538464;0;0;30;14;16;0.4666666666666667;0;0;40;23;17;0.575;0;0;32;19;13;0.59375;0;0;24;13;11;0.5416666666666666;0;0;15;7;8;0.4666666666666667;0;0;12;4;8;0.3333333333333333;0;0;11;5;6;0.45454545454545453;0;0;Femenino
Sandra Hernández Camacho;23;1525;Tamara Icardo Alcorisa;Drive;Palma de Mallorca;31/10/1986;1,61;Palma de Mallorca;149;68;81;0.4563758389261745;2;11;4;7;0.36363636363636365;0;0;30;15;15;0.5;0;0;18;8;10;0.4444444444444444;0;0;21;9;12;0.42857142857142855;0;0;20;8;12;0.4;0;0;20;10;10;0.5;0;0;14;6;8;0.42857142857142855;0;0;15;8;7;0.5333333333333333;0;0;Femenino
Tamara Icardo Alcorisa;23;1525;Sandra Hernández Camacho;Revés;Valencia;10/10/1995;1,78;Valencia;131;55;76;0.4198473282442748;3;11;4;7;0.36363636363636365;0;0;30;15;15;0.5;0;0;21;6;15;0.2857142857142857;0;0;19;7;12;0.3684210526315789;0;0;21;9;12;0.42857142857142855;0;0;16;8;8;0.5;0;0;9;6;3;0.6666666666666666;0;0;4;0;4;0.0;0;0;Femenino
María Virginia Riera;25;1455;Sofia Araujo;Drive;Resistencia - Arg;27/09/1988;1,65;Resistencia - Arg;86;46;40;0.5348837209302325;4;17;10;7;0.5882352941176471;0;0;26;12;14;0.46153846153846156;0;0;35;19;16;0.5428571428571428;0;0;0;0;0;0;0;0;8;5;3;0.625;0;0;?;?;?;?;?;?;?;?;?;?;?;?;?;?;?;?;?;?;Femenino
Lucía Martínez Gómez;26;1440;Ana Fernández de Ossó Fuentes;Drive;Granada;16/05/1991;1,66;Madrid;165;81;84;0.4909090909090909;3;12;4;8;0.3333333333333333;0;0;31;15;16;0.4838709677419355;0;0;32;16;16;0.5;0;0;23;12;11;0.5217391304347826;0;0;24;13;11;0.5416666666666666;0;0;17;7;10;0.4117647058823529;0;0;17;9;8;0.5294117647058824;0;0;9;5;4;0.5555555555555556;0;0;Femenino
Aranzazu Osoro Ulrich;27;1428;Carolina Navarro Björk;Revés;Parana - Arg;03/06/1996;1,65;Barcelona;101;50;51;0.49504950495049505;5;16;8;8;0.5;0;0;25;10;15;0.4;0;0;30;16;14;0.5333333333333333;0;0;20;9;11;0.45;0;0;7;5;2;0.7142857142857143;0;0;3;2;1;0.6666666666666666;0;0;?;?;?;?;?;?;?;?;?;?;?;?;Femenino
Sofia Araujo;28;1415;María Virginia Riera;Revés;Lisboa - Portugal;30/11/1994;1,72;Lisboa - Portugal;107;58;49;0.5420560747663551;3;17;10;7;0.5882352941176471;0;0;26;12;14;0.46153846153846156;0;0;32;17;15;0.53125;0;0;30;19;11;0.6333333333333333;0;0;2;0;2;0.0;0;0;?;?;?;?;?;?;?;?;?;?;?;?;?;?;?;?;?;?;Femenino
Beatriz Caldera Sánchez;29;1233;Carmen Goenaga García;Drive;Valladolid;03/09/2001;1,64;Valladolid;88;33;55;0.375;2;10;2;8;0.2;0;0;27;11;16;0.4074074074074074;0;0;21;6;15;0.2857142857142857;0;0;19;8;11;0.42105263157894735;0;0;11;6;5;0.5454545454545454;0;0;?;?;?;?;?;?;?;?;?;?;?;?;?;?;?;?;?;?;Femenino
Alix Collombon;30;1205;Sara Ruiz Soto;Drive;Lyon;17/03/1993;1,74;Lyon;67;28;39;0.417910447761194;4;12;4;8;0.3333333333333333;0;0;25;10;15;0.4;0;0;29;14;15;0.4827586206896552;0;0;0;0;0;0;0;0;1;0;1;0.0;0;0;?;?;?;?;?;?;?;?;?;?;?;?;?;?;?;?;?;?;Femenino
Nicole Traviesa Mola;30;1205;Nelida Brito;Revés;Barcelona;13/07/1999;1,74;Barcelona;102;48;54;0.47058823529411764;5;12;4;8;0.3333333333333333;0;0;25;10;15;0.4;0;0;41;25;16;0.6097560975609756;0;0;14;5;9;0.35714285714285715;0;0;9;4;5;0.4444444444444444;0;0;?;?;?;?;?;?;1;0;1;0.0;0;0;?;?;?;?;?;?;Femenino
Alicia Blanco Rojo;32;1198;Melania Merino Saéz;Revés;Medina del Campo;17/11/1989;1,64;Valladolid;114;47;67;0.41228070175438597;4;11;3;8;0.2727272727272727;0;0;27;11;16;0.4074074074074074;0;0;21;6;15;0.2857142857142857;0;0;20;8;12;0.4;0;0;25;15;10;0.6;0;0;3;2;1;0.6666666666666666;0;0;4;1;3;0.25;0;0;3;1;2;0.3333333333333333;0;0;Femenino
Nelida Brito;33;1195;Nicole Traviesa Mola;Drive;Lomas de Zamora;05/08/1979;1.58;Barcelona;158;72;86;0.45569620253164556;2;11;3;8;0.2727272727272727;0;0;23;9;14;0.391304347826087;0;0;31;16;15;0.5161290322580645;0;0;23;11;12;0.4782608695652174;0;0;23;11;12;0.4782608695652174;0;0;19;9;10;0.47368421052631576;0;0;15;7;8;0.4666666666666667;0;0;13;6;7;0.46153846153846156;0;0;Femenino
Anna Cortiles Tapias;34;1133;Jessica Castelló López;Drive;Tarragona;24/07/1996;1,59;Mont-Roig del Camp;115;59;56;0.5130434782608696;3;11;3;8;0.2727272727272727;0;0;28;12;16;0.42857142857142855;0;0;34;19;15;0.5588235294117647;0;0;24;15;9;0.625;0;0;16;10;6;0.625;0;0;1;0;1;0.0;0;0;1;0;1;0.0;0;0;?;?;?;?;?;?;Femenino
Jessica Castelló López;34;1133;Anna Cortiles Tapias;Revés;Villena;29/10/1997;1,69;Villena;85;41;44;0.4823529411764706;3;11;3;8;0.2727272727272727;0;0;28;12;16;0.42857142857142855;0;0;35;20;15;0.5714285714285714;0;0;11;6;5;0.5454545454545454;0;0;?;?;?;?;?;?;?;?;?;?;?;?;?;?;?;?;?;?;?;?;?;?;?;?;Femenino
Carla Mesa Salazar;36;1127;Barbara Las Heras Monterde;Revés;Tenerife;24/03/1991;1,68;Madrid;156;72;84;0.46153846153846156;2;13;6;7;0.46153846153846156;0;0;23;8;15;0.34782608695652173;0;0;32;16;16;0.5;0;0;24;13;11;0.5416666666666666;0;0;20;9;11;0.45;0;0;17;8;9;0.47058823529411764;0;0;12;4;8;0.3333333333333333;0;0;15;8;7;0.5333333333333333;0;0;Femenino
Araceli Martínez Ibáñez;37;1106;Nelida Brito;Revés;Murcia;22/08/2000;1,6;Murcia;100;46;54;0.46;4;10;2;8;0.2;0;0;24;9;15;0.375;0;0;35;18;17;0.5142857142857142;0;0;26;17;9;0.6538461538461539;0;0;4;0;4;0.0;0;0;1;0;1;0.0;0;0;?;?;?;?;?;?;?;?;?;?;?;?;Femenino
Melania Merino Saéz;38;1104;Alicia Blanco Rojo;Drive;Valladolid;24/04/1999;1,72;Valladolid;78;40;38;0.5128205128205128;4;10;3;7;0.3;0;0;34;18;16;0.5294117647058824;0;0;30;17;13;0.5666666666666667;0;0;4;2;2;0.5;0;0;?;?;?;?;?;?;?;?;?;?;?;?;?;?;?;?;?;?;?;?;?;?;?;?;Femenino
Lorena Alonso De Lera;39;1081;Raquel Piltcher;Revés;León;01/06/1982;1,73;Madrid;142;56;86;0.39436619718309857;4;12;4;8;0.3333333333333333;0;0;24;9;15;0.375;0;0;28;14;14;0.5;0;0;13;1;12;0.07692307692307693;0;0;22;10;12;0.45454545454545453;0;0;19;9;10;0.47368421052631576;0;0;13;5;8;0.38461538461538464;0;0;11;4;7;0.36363636363636365;0;0;Femenino
Esther Carnicero Martín;40;1080;Teresa Navarro López-Barajas;Revés;Valladolid;23/11/1999;1,7;Valladolid;96;50;46;0.5208333333333334;4;11;3;8;0.2727272727272727;0;0;34;18;16;0.5294117647058824;0;0;33;19;14;0.5757575757575758;0;0;8;5;3;0.625;0;0;10;5;5;0.5;0;0;?;?;?;?;?;?;?;?;?;?;?;?;?;?;?;?;?;?;Femenino
Carmen Goenaga García;41;1030;Beatriz Caldera Sánchez;Revés;Salamanca;23/02/2004;1,67;Salamanca;54;26;28;0.48148148148148145;4;10;2;8;0.2;0;0;24;9;15;0.375;0;0;20;15;5;0.75;0;0;?;?;?;?;?;?;?;?;?;?;?;?;?;?;?;?;?;?;?;?;?;?;?;?;?;?;?;?;?;?;Femenino
Raquel Piltcher;42;980;Lorena Alonso de Lera;Drive;Pelotas (Brasil);14/06/1991;1,65;Madrid;77;36;41;0.4675324675324675;3;12;4;8;0.3333333333333333;0;0;27;13;14;0.48148148148148145;0;0;32;18;14;0.5625;0;0;6;1;5;0.16666666666666666;0;0;?;?;?;?;?;?;?;?;?;?;?;?;?;?;?;?;?;?;?;?;?;?;?;?;Femenino
Marta Talaván Ruiz;43;977;Lorena Rufo Ortiz;Drive;Madrid;12/04/1995;1,63;Madrid;140;58;82;0.4142857142857143;3;15;8;7;0.5333333333333333;0;0;20;5;15;0.25;0;0;22;7;15;0.3181818181818182;0;0;22;10;12;0.45454545454545453;0;0;22;10;12;0.45454545454545453;0;0;15;5;10;0.3333333333333333;0;0;18;10;8;0.5555555555555556;0;0;6;3;3;0.5;0;0;Femenino
Nuria Rodríguez Camacho;44;953;Ángela Caro Cantín;Drive;Sanlucar de Barrameda;09/12/1994;1,6;Madrid;132;49;83;0.3712121212121212;3;11;3;8;0.2727272727272727;0;0;24;9;15;0.375;0;0;24;8;16;0.3333333333333333;0;0;20;8;12;0.4;0;0;14;4;10;0.2857142857142857;0;0;15;5;10;0.3333333333333333;0;0;12;5;7;0.4166666666666667;0;0;12;7;5;0.5833333333333334;0;0;Femenino
Nuria Rovira Noguer;44;953;Maite Gabarrus Alonso;Revés;Barcelona;28/01/1987;1,83;Barcelona;111;56;55;0.5045045045045045;4;9;6;3;0.6666666666666666;0;0;25;12;13;0.48;0;0;28;18;10;0.6428571428571429;0;0;10;7;3;0.7;0;0;3;1;2;0.3333333333333333;0;0;11;2;9;0.18181818181818182;0;0;13;5;8;0.38461538461538464;0;0;12;5;7;0.4166666666666667;0;0;Femenino
Sara Pujals Pérez;46;950;Carmen Castillón Gámez;Drive;Berga;31/05/1988;1,61;Berga;112;43;69;0.38392857142857145;3;7;2;5;0.2857142857142857;0;0;19;5;14;0.2631578947368421;0;0;26;12;14;0.46153846153846156;0;0;16;4;12;0.25;0;0;18;6;12;0.3333333333333333;0;0;21;11;10;0.5238095238095238;0;0;5;3;2;0.6;0;0;?;?;?;?;?;?;Femenino
Elena Ramírez Gómez;47;924;Alicia Blanco Rojo;Revés;Huelva;29/08/1996;1,65;Huelva;104;43;61;0.41346153846153844;4;1;0;1;0.0;0;0;17;4;13;0.23529411764705882;0;0;15;3;12;0.2;0;0;20;8;12;0.4;0;0;18;6;12;0.3333333333333333;0;0;19;11;8;0.5789473684210527;0;0;14;11;3;0.7857142857142857;0;0;0;0;0;0;0;0;Femenino
Ángela Caro Cantín;48;874;Nuria Rodríguez Camacho;Revés;Zaragoza;25/06/1985;1,73;Zaragoza;117;48;69;0.41025641025641024;4;11;3;8;0.2727272727272727;0;0;21;7;14;0.3333333333333333;0;0;24;8;16;0.3333333333333333;0;0;19;7;12;0.3684210526315789;0;0;22;10;12;0.45454545454545453;0;0;19;13;6;0.6842105263157895;0;0;1;0;1;0.0;0;0;?;?;?;?;?;?;Femenino
Celeste Paz;49;853;Isabel Domínguez Munaiz;Drive;Necochea - Arg;31/10/1983;1,68;Alicante;128;61;67;0.4765625;4;16;8;8;0.5;0;0;34;18;16;0.5294117647058824;0;0;24;13;11;0.5416666666666666;0;0;0;0;0;0;0;0;10;2;8;0.2;0;0;17;8;9;0.47058823529411764;0;0;14;6;8;0.42857142857142855;0;0;13;6;7;0.46153846153846156;0;0;Femenino
Sara Ruiz Soto;50;784;Alix Collombon;Drive;Santander;06/08/1995;1,6;Santander;74;28;46;0.3783783783783784;3;10;4;6;0.4;0;0;21;7;14;0.3333333333333333;0;0;18;6;12;0.3333333333333333;0;0;17;8;9;0.47058823529411764;0;0;3;1;2;0.3333333333333333;0;0;?;?;?;?;?;?;?;?;?;?;?;?;5;2;3;0.4;0;0;Femenino
